{
  "name": "VOID KERNEL | Game Security Research",
  "short_name": "VOID KERNEL",
  "description": "Advanced automated Red Team assistant for game security, reverse engineering, memory analysis, and kernel-level exploitation research.",
  "start_url": "/",
  "display": "standalone",
  "background_color": "#050505",
  "theme_color": "#7f1d1d",
  "icons": [
    {
      "src": "https://cdn.jsdelivr.net/npm/lucide-static@0.344.0/icons/ghost.svg",
      "sizes": "192x192",
      "type": "image/svg+xml"
    }
  ]
}